tweet_id,account_name,user_id,timestamp,text,links,repiles,retweets,favorites
1020318086573035520,elisetet,887494511894593537,07:42 - 20 de jul de 2018,ana amelia se a senhora apoiar o psdb a senhora ta apoiando a continua√ß√£o da corrup√ß√£o no brasil o psdb e o pt n√£o tem diferen√ßa  o psdb tapeu o pt no mensal√£o  o fhc e o lula tem a mesma ,,Null,0,0
1020318068659060736,FOG10,140963928,07:42 - 20 de jul de 2018,Todo mundo j√° conhece e repudia suas ideias. Da sua nefasta ,,Null,0,0
1020317266339082243,Daniel,28316855,07:39 - 20 de jul de 2018,Isso e o uso da m√°quina. O funcionalismo p√∫blico √© a estrutura q mant√©m todos esses partidos sem ,,Null,0,0
1020316477717483521,Flavio Morgenstern,17503188,07:36 - 20 de jul de 2018,A raiz dos nossos problemas √© a negocia√ß√£o de cargos. √â o que americanos chamam de "Deep State": aquelas velhas raposas que est√£o sempre no poder  n√£o importando ,,Null,33,112
1020307930942500864,F√£ Clube do Leo Dias,2231589860,07:02 - 20 de jul de 2018,Defendam as crian√ßas de ,,Null,3,5
1020306886946631682,Mar do charme,1368671418,06:58 - 20 de jul de 2018,Vis√£o de cria ,,Null,3,2
1020304459665235968,Xico Rouanet Caviar,2943093201,06:48 - 20 de jul de 2018,Se ele fosse honesto  comparava Daniel Ortega com seu co-irm√£o de ,,Null,10,13
1020300258419576832,Gabriel Brasil,51505789,06:31 - 20 de jul de 2018,√â o caso da turma do Agro (parte do DEM por ex)  ou da Igreja (PRB)  ou sindicato (SD). N√£o vendem ,,Null,5,8
1020290994783309824,JenioQuadros,4236822508,05:55 - 20 de jul de 2018,O Bolso ensinando a crian√ßa a fazer sinal de uma arma com a m√£o √© culpa da doutrina√ß√£o esquerdista nas escolas e da ,,Null,14,61
1020289142180274177,Giseli Vieira,134519917,05:47 - 20 de jul de 2018,A Folha corrida de Valdemar da Costa Neto √© "respeit√°vel"!Seu partido quer ter o vice presidente na chapa de Alkmin ou de Ciro Gomes tanto faz.A ,,Null,5,6
1020278287766032385,Movimento Brasil Conservador,852352465525776384,05:04 - 20 de jul de 2018,Repudiamos veementemente qualquer tentativa de relativizar o tema "pedofilia".  O assunto √© da maior relev√¢ncia para qualquer pa√≠s que se considere minimamente civilizado e est√° acima de qualquer ,https://mobile.twitter.com/demori/status/1019660662518288384,Null,37,148
1020277718380883970,Lucas Lemos !,2450204914,05:02 - 20 de jul de 2018,SOU A FAVOR DA ,,Null,2,4
1020120607873282049,Romualdo Moro Rob√¥ Rocha,126075596,18:38 - 19 de jul de 2018,Null,,Null,6,7
1019981818257387520,tonny,156846206,09:26 - 19 de jul de 2018,O qu√™ sobrou da esquerda: 1)Artistas mercen√°rios babadores da lei Rouanet. 2)M√≠dias e bloguistas bancados pelo dinheiro roubado dos nossos impostos. 3)Urnas eletronicas/inst. pesquisas com procedimentos de fraudes pra manter os comunistas 4)Uma economia esfacelada pela ,,Null,28,47
1019967849102757888,Tiago Est√©fano,253615175,08:30 - 19 de jul de 2018,Quando voc√™ pode concluir que as coisas n√£o v√£o bem:  - quando o lucro dos bancos cresce vertiginosamente ao mesmo tempo em que os √≠ndices econ√¥micos e de emprego continuam a piorar.  N√£o √© somente uma quest√£o de ,,Null,32,92
1019964063722418176,Stanley‚Ñ¢ üáßüá∑,61499435,08:15 - 19 de jul de 2018,Eu percebi que a esquerda n√£o est√° mais usando de subterf√∫gios para exp√¥r sua agenda   entre elas a pr√≥ - pedofilia. Agora est√£o assumindo com uma roupagem "pseudo - cient√≠fica" tidas como verdades absolutas. Repare que o sujeito n√£o se preocupa com a crian√ßa mas com a ,,Null,14,29
1019925299163693056,üáßüá∑BIliaFreits,3035288911,05:41 - 19 de jul de 2018,F√°tima Bernardes e Raquel Sherazade eram de direita at√© mudarem de marido! Arranjaram uns meninos de esquerda e as mo√ßas feministas mudaram at√© de ,,Null,84,329
1019924706525360128,Leandro Ruschel,174818242,05:39 - 19 de jul de 2018,Se acredita que os jornalistas de uma maneira geral s√£o esquerdistas por idealismo. O motivo √© mais pr√°tico. Na ,,Null,261,1003
1019890819711586310,Ananda Marques,59257770,03:24 - 19 de jul de 2018,E besta √© quem cai nesses discursos vazios sobre empoderamento feminino que n√£o passam do est√©tico.   O est√©tico importa sim  mas se n√£o for nada al√©m disso  √© s√≥ o capitalismo transformando ,,Null,58,204
1019369974304002048,Bruna Faria,925406125792653312,16:55 - 17 de jul de 2018,E s√≥ pra enfatizar uma coisa:  Eu sou contra o comunismo o socialismo o feminismo a ,,Null,40,141
